Date,Sales,Customers,Open,Promo,StateHoliday,SchoolHoliday,DayOfWeek
2013-01-01,0.0,0.0,0.0,0,1,1,2
2013-01-02,12709.0,1592.0,1.0,0,0,1,3
2013-01-03,10242.0,1254.0,1.0,0,0,1,4
2013-01-04,11274.0,1348.0,1.0,0,0,1,5
2013-01-05,10274.0,1183.0,1.0,0,0,0,6
2013-01-06,0.0,0.0,0.0,0,0,0,7
2013-01-07,19582.0,1809.0,1.0,1,0,0,1
2013-01-08,15019.0,1514.0,1.0,1,0,0,2
2013-01-09,12951.0,1292.0,1.0,1,0,0,3
2013-01-10,12981.0,1407.0,1.0,1,0,0,4
2013-01-11,13462.0,1441.0,1.0,1,0,0,5
2013-01-12,10406.0,1187.0,1.0,0,0,0,6
2013-01-13,0.0,0.0,0.0,0,0,0,7
2013-01-14,9490.0,1190.0,1.0,0,0,0,1
2013-01-15,8597.0,1068.0,1.0,0,0,0,2
2013-01-16,9501.0,1166.0,1.0,0,0,0,3
2013-01-17,9588.0,1191.0,1.0,0,0,0,4
2013-01-18,9995.0,1220.0,1.0,0,0,0,5
2013-01-19,10570.0,1145.0,1.0,0,0,0,6
2013-01-20,0.0,0.0,0.0,0,0,0,7
2013-01-21,12010.0,1212.0,1.0,1,0,0,1
2013-01-22,14389.0,1407.0,1.0,1,0,0,2
2013-01-23,14212.0,1424.0,1.0,1,0,0,3
2013-01-24,13897.0,1425.0,1.0,1,0,0,4
2013-01-25,11817.0,1316.0,1.0,1,0,0,5
2013-01-26,9971.0,1145.0,1.0,0,0,0,6
2013-01-27,0.0,0.0,0.0,0,0,0,7
2013-01-28,10283.0,1266.0,1.0,0,0,0,1
2013-01-29,9017.0,1119.0,1.0,0,0,0,2
2013-01-30,10443.0,1263.0,1.0,0,0,0,3
2013-01-31,11650.0,1238.0,1.0,0,0,0,4
2013-02-01,11412.0,1294.0,1.0,0,0,0,5
2013-02-02,11062.0,1231.0,1.0,0,0,0,6
2013-02-03,0.0,0.0,0.0,0,0,0,7
2013-02-04,18606.0,1792.0,1.0,1,0,0,1
2013-02-05,14355.0,1440.0,1.0,1,0,0,2
2013-02-06,16891.0,1780.0,1.0,1,0,0,3
2013-02-07,13188.0,1428.0,1.0,1,0,0,4
2013-02-08,11541.0,1299.0,1.0,1,0,0,5
2013-02-09,9969.0,1148.0,1.0,0,0,0,6
2013-02-10,0.0,0.0,0.0,0,0,0,7
2013-02-11,6697.0,753.0,1.0,0,0,0,1
2013-02-12,11029.0,1339.0,1.0,0,0,0,2
2013-02-13,12013.0,1476.0,1.0,0,0,0,3
2013-02-14,10779.0,1313.0,1.0,0,0,0,4
2013-02-15,10068.0,1181.0,1.0,0,0,0,5
2013-02-16,10218.0,1195.0,1.0,0,0,0,6
2013-02-17,0.0,0.0,0.0,0,0,0,7
2013-02-18,18228.0,1735.0,1.0,1,0,0,1
2013-02-19,13910.0,1349.0,1.0,1,0,0,2
2013-02-20,14684.0,1585.0,1.0,1,0,0,3
2013-02-21,12678.0,1341.0,1.0,1,0,0,4
2013-02-22,11965.0,1316.0,1.0,1,0,0,5
2013-02-23,9532.0,1084.0,1.0,0,0,0,6
2013-02-24,0.0,0.0,0.0,0,0,0,7
2013-02-25,9244.0,1166.0,1.0,0,0,0,1
2013-02-26,9483.0,1192.0,1.0,0,0,0,2
2013-02-27,10802.0,1307.0,1.0,0,0,0,3
2013-02-28,12013.0,1325.0,1.0,0,0,0,4
2013-03-01,11553.0,1326.0,1.0,0,0,0,5
2013-03-02,10851.0,1275.0,1.0,0,0,0,6
2013-03-03,0.0,0.0,0.0,0,0,0,7
2013-03-04,18527.0,1753.0,1.0,1,0,0,1
2013-03-05,15325.0,1594.0,1.0,1,0,0,2
2013-03-06,14358.0,1570.0,1.0,1,0,0,3
2013-03-07,13888.0,1445.0,1.0,1,0,0,4
2013-03-08,12421.0,1309.0,1.0,1,0,0,5
2013-03-09,9453.0,1076.0,1.0,0,0,0,6
2013-03-10,0.0,0.0,0.0,0,0,0,7
2013-03-11,10454.0,1236.0,1.0,0,0,0,1
2013-03-12,11226.0,1300.0,1.0,0,0,0,2
2013-03-13,11635.0,1370.0,1.0,0,0,0,3
2013-03-14,10154.0,1193.0,1.0,0,0,0,4
2013-03-15,11441.0,1317.0,1.0,0,0,0,5
2013-03-16,9827.0,1149.0,1.0,0,0,0,6
2013-03-17,0.0,0.0,0.0,0,0,0,7
2013-03-18,18520.0,1781.0,1.0,1,0,0,1
2013-03-19,15238.0,1509.0,1.0,1,0,0,2
2013-03-20,14147.0,1486.0,1.0,1,0,0,3
2013-03-21,12717.0,1377.0,1.0,1,0,0,4
2013-03-22,12978.0,1385.0,1.0,1,0,0,5
2013-03-23,9925.0,1129.0,1.0,0,0,0,6
2013-03-24,0.0,0.0,0.0,0,0,0,7
2013-03-25,16100.0,1475.0,1.0,1,0,1,1
2013-03-26,15719.0,1546.0,1.0,1,0,1,2
2013-03-27,16376.0,1726.0,1.0,1,0,1,3
2013-03-28,17441.0,1696.0,1.0,1,0,1,4
2013-03-29,0.0,0.0,0.0,1,1,1,5
2013-03-30,14273.0,1487.0,1.0,0,0,0,6
2013-03-31,0.0,0.0,0.0,0,0,0,7
2013-04-01,0.0,0.0,0.0,0,1,1,1
2013-04-02,12191.0,1456.0,1.0,0,0,1,2
2013-04-03,11052.0,1375.0,1.0,0,0,1,3
2013-04-04,10133.0,1240.0,1.0,0,0,1,4
2013-04-05,10557.0,1231.0,1.0,0,0,1,5
2013-04-06,10247.0,1204.0,1.0,0,0,0,6
2013-04-07,0.0,0.0,0.0,0,0,0,7
2013-04-08,16778.0,1670.0,1.0,1,0,0,1
2013-04-09,14223.0,1442.0,1.0,1,0,0,2
2013-04-10,12841.0,1391.0,1.0,1,0,0,3
2013-04-11,12117.0,1327.0,1.0,1,0,0,4
2013-04-12,12302.0,1386.0,1.0,1,0,0,5
2013-04-13,9829.0,1143.0,1.0,0,0,0,6
2013-04-14,0.0,0.0,0.0,0,0,0,7
2013-04-15,10092.0,1226.0,1.0,0,0,0,1
2013-04-16,10198.0,1250.0,1.0,0,0,0,2
2013-04-17,10056.0,1305.0,1.0,0,0,0,3
2013-04-18,9666.0,1218.0,1.0,0,0,0,4
2013-04-19,9415.0,1228.0,1.0,0,0,0,5
2013-04-20,9922.0,1176.0,1.0,0,0,0,6
2013-04-21,0.0,0.0,0.0,0,0,0,7
2013-04-22,16062.0,1651.0,1.0,1,0,0,1
2013-04-23,14167.0,1436.0,1.0,1,0,0,2
2013-04-24,12892.0,1478.0,1.0,1,0,0,3
2013-04-25,11740.0,1326.0,1.0,1,0,0,4
2013-04-26,11132.0,1188.0,1.0,1,0,0,5
2013-04-27,9730.0,1163.0,1.0,0,0,0,6
2013-04-28,0.0,0.0,0.0,0,0,0,7
2013-04-29,15533.0,1535.0,1.0,1,0,0,1
2013-04-30,17895.0,1783.0,1.0,1,0,0,2
2013-05-01,0.0,0.0,0.0,1,1,0,3
2013-05-02,16213.0,1678.0,1.0,1,0,0,4
2013-05-03,14542.0,1540.0,1.0,1,0,0,5
2013-05-04,10807.0,1290.0,1.0,0,0,0,6
2013-05-05,0.0,0.0,0.0,0,0,0,7
2013-05-06,12807.0,1445.0,1.0,0,0,0,1
2013-05-07,11186.0,1343.0,1.0,0,0,0,2
2013-05-08,13293.0,1584.0,1.0,0,0,0,3
2013-05-09,0.0,0.0,0.0,0,1,0,4
2013-05-10,14078.0,1569.0,1.0,0,0,0,5
2013-05-11,10513.0,1243.0,1.0,0,0,0,6
2013-05-12,0.0,0.0,0.0,0,0,0,7
2013-05-13,16202.0,1528.0,1.0,1,0,0,1
2013-05-14,15686.0,1633.0,1.0,1,0,0,2
2013-05-15,14411.0,1547.0,1.0,1,0,0,3
2013-05-16,12569.0,1425.0,1.0,1,0,0,4
2013-05-17,12738.0,1418.0,1.0,1,0,0,5
2013-05-18,9479.0,1131.0,1.0,0,0,0,6
2013-05-19,0.0,0.0,0.0,0,0,0,7
2013-05-20,0.0,0.0,0.0,0,1,0,1
2013-05-21,11755.0,1429.0,1.0,0,0,1,2
2013-05-22,10814.0,1363.0,1.0,0,0,0,3
2013-05-23,10443.0,1241.0,1.0,0,0,0,4
2013-05-24,10264.0,1274.0,1.0,0,0,0,5
2013-05-25,9757.0,1146.0,1.0,0,0,0,6
2013-05-26,0.0,0.0,0.0,0,0,0,7
2013-05-27,15845.0,1525.0,1.0,1,0,0,1
2013-05-28,14178.0,1514.0,1.0,1,0,0,2
2013-05-29,16025.0,1681.0,1.0,1,0,0,3
2013-05-30,0.0,0.0,0.0,1,1,0,4
2013-05-31,18630.0,1820.0,1.0,1,0,0,5
2013-06-01,11057.0,1308.0,1.0,0,0,0,6
2013-06-02,0.0,0.0,0.0,0,0,0,7
2013-06-03,17990.0,1751.0,1.0,1,0,0,1
2013-06-04,15057.0,1550.0,1.0,1,0,0,2
2013-06-05,14523.0,1568.0,1.0,1,0,0,3
2013-06-06,12926.0,1443.0,1.0,1,0,0,4
2013-06-07,12662.0,1406.0,1.0,1,0,0,5
2013-06-08,10145.0,1214.0,1.0,0,0,0,6
2013-06-09,0.0,0.0,0.0,0,0,0,7
2013-06-10,11008.0,1353.0,1.0,0,0,0,1
2013-06-11,10313.0,1247.0,1.0,0,0,0,2
2013-06-12,11087.0,1391.0,1.0,0,0,0,3
2013-06-13,9968.0,1217.0,1.0,0,0,0,4
2013-06-14,11677.0,1342.0,1.0,0,0,0,5
2013-06-15,10465.0,1224.0,1.0,0,0,0,6
2013-06-16,0.0,0.0,0.0,0,0,0,7
2013-06-17,17296.0,1632.0,1.0,1,0,0,1
2013-06-18,13944.0,1441.0,1.0,1,0,0,2
2013-06-19,12706.0,1385.0,1.0,1,0,0,3
2013-06-20,10555.0,1129.0,1.0,1,0,0,4
2013-06-21,12720.0,1345.0,1.0,1,0,0,5
2013-06-22,10262.0,1213.0,1.0,0,0,0,6
2013-06-23,0.0,0.0,0.0,0,0,0,7
2013-06-24,10883.0,1283.0,1.0,0,0,0,1
2013-06-25,10869.0,1294.0,1.0,0,0,0,2
2013-06-26,10670.0,1326.0,1.0,0,0,0,3
2013-06-27,10621.0,1259.0,1.0,0,0,0,4
2013-06-28,11659.0,1277.0,1.0,0,0,0,5
2013-06-29,11227.0,1262.0,1.0,0,0,0,6
2013-06-30,0.0,0.0,0.0,0,0,0,7
2013-07-01,18597.0,1836.0,1.0,1,0,0,1
2013-07-02,15586.0,1612.0,1.0,1,0,0,2
2013-07-03,14697.0,1583.0,1.0,1,0,0,3
2013-07-04,13571.0,1485.0,1.0,1,0,0,4
2013-07-05,13089.0,1424.0,1.0,1,0,0,5
2013-07-06,10424.0,1228.0,1.0,0,0,0,6
2013-07-07,0.0,0.0,0.0,0,0,0,7
2013-07-08,10735.0,1347.0,1.0,0,0,0,1
2013-07-09,10186.0,1236.0,1.0,0,0,0,2
2013-07-10,11868.0,1386.0,1.0,0,0,0,3
2013-07-11,11276.0,1322.0,1.0,0,0,0,4
2013-07-12,11086.0,1229.0,1.0,0,0,0,5
2013-07-13,10328.0,1188.0,1.0,0,0,0,6
2013-07-14,0.0,0.0,0.0,0,0,0,7
2013-07-15,19113.0,1754.0,1.0,1,0,0,1
2013-07-16,17903.0,1662.0,1.0,1,0,0,2
2013-07-17,15355.0,1595.0,1.0,1,0,0,3
2013-07-18,13707.0,1419.0,1.0,1,0,0,4
2013-07-19,14868.0,1558.0,1.0,1,0,0,5
2013-07-20,10668.0,1166.0,1.0,0,0,0,6
2013-07-21,0.0,0.0,0.0,0,0,0,7
2013-07-22,11007.0,1227.0,1.0,0,0,1,1
2013-07-23,9831.0,1166.0,1.0,0,0,1,2
2013-07-24,10678.0,1263.0,1.0,0,0,1,3
2013-07-25,10294.0,1168.0,1.0,0,0,1,4
2013-07-26,10687.0,1188.0,1.0,0,0,1,5
2013-07-27,9083.0,1032.0,1.0,0,0,0,6
2013-07-28,0.0,0.0,0.0,0,0,0,7
2013-07-29,18755.0,1675.0,1.0,1,0,1,1
2013-07-30,15362.0,1508.0,1.0,1,0,1,2
2013-07-31,16426.0,1680.0,1.0,1,0,1,3
2013-08-01,13575.0,1381.0,1.0,1,0,1,4
2013-08-02,11243.0,1216.0,1.0,1,0,1,5
2013-08-03,9955.0,1160.0,1.0,0,0,0,6
2013-08-04,0.0,0.0,0.0,0,0,0,7
2013-08-05,10430.0,1247.0,1.0,0,0,1,1
2013-08-06,11119.0,1271.0,1.0,0,0,1,2
2013-08-07,10756.0,1270.0,1.0,0,0,1,3
2013-08-08,9997.0,1139.0,1.0,0,0,1,4
2013-08-09,10385.0,1176.0,1.0,0,0,1,5
2013-08-10,9812.0,1083.0,1.0,0,0,0,6
2013-08-11,0.0,0.0,0.0,0,0,0,7
2013-08-12,17302.0,1601.0,1.0,1,0,1,1
2013-08-13,14301.0,1413.0,1.0,1,0,1,2
2013-08-14,13263.0,1440.0,1.0,1,0,1,3
2013-08-15,12125.0,1210.0,1.0,1,0,1,4
2013-08-16,11832.0,1289.0,1.0,1,0,1,5
2013-08-17,8775.0,1049.0,1.0,0,0,0,6
2013-08-18,0.0,0.0,0.0,0,0,0,7
2013-08-19,9629.0,1170.0,1.0,0,0,1,1
2013-08-20,9591.0,1199.0,1.0,0,0,1,2
2013-08-21,10262.0,1276.0,1.0,0,0,1,3
2013-08-22,10425.0,1235.0,1.0,0,0,1,4
2013-08-23,9064.0,1132.0,1.0,0,0,1,5
2013-08-24,9160.0,1231.0,1.0,0,0,0,6
2013-08-25,0.0,0.0,0.0,0,0,0,7
2013-08-26,10142.0,1325.0,1.0,1,0,1,1
2013-08-27,15313.0,1526.0,1.0,1,0,1,2
2013-08-28,14093.0,1516.0,1.0,1,0,1,3
2013-08-29,13902.0,1397.0,1.0,1,0,1,4
2013-08-30,14459.0,1461.0,1.0,1,0,1,5
2013-08-31,10185.0,1124.0,1.0,0,0,0,6
2013-09-01,0.0,0.0,0.0,0,0,0,7
2013-09-02,14056.0,1552.0,1.0,0,0,1,1
2013-09-03,13134.0,1625.0,1.0,0,0,1,2
2013-09-04,12486.0,1659.0,1.0,0,0,0,3
2013-09-05,10932.0,1375.0,1.0,0,0,0,4
2013-09-06,9853.0,1266.0,1.0,0,0,0,5
2013-09-07,10658.0,1215.0,1.0,0,0,0,6
2013-09-08,0.0,0.0,0.0,0,0,0,7
2013-09-09,20672.0,1917.0,1.0,1,0,0,1
2013-09-10,11995.0,1226.0,1.0,1,0,0,2
2013-09-11,14942.0,1563.0,1.0,1,0,0,3
2013-09-12,13657.0,1543.0,1.0,1,0,0,4
2013-09-13,13417.0,1520.0,1.0,1,0,0,5
2013-09-14,8474.0,1048.0,1.0,0,0,0,6
2013-09-15,0.0,0.0,0.0,0,0,0,7
2013-09-16,9746.0,1249.0,1.0,0,0,0,1
2013-09-17,9253.0,1205.0,1.0,0,0,0,2
2013-09-18,10528.0,1341.0,1.0,0,0,0,3
2013-09-19,9392.0,1204.0,1.0,0,0,0,4
2013-09-20,9552.0,1163.0,1.0,0,0,0,5
2013-09-21,9196.0,1125.0,1.0,0,0,0,6
2013-09-22,0.0,0.0,0.0,0,0,0,7
2013-09-23,15902.0,1580.0,1.0,1,0,0,1
2013-09-24,13389.0,1498.0,1.0,1,0,0,2
2013-09-25,12591.0,1434.0,1.0,1,0,0,3
2013-09-26,10749.0,1252.0,1.0,1,0,0,4
2013-09-27,12279.0,1393.0,1.0,1,0,0,5
2013-09-28,9802.0,1133.0,1.0,0,0,0,6
2013-09-29,0.0,0.0,0.0,0,0,0,7
2013-09-30,12098.0,1336.0,1.0,0,0,0,1
2013-10-01,11897.0,1391.0,1.0,0,0,0,2
2013-10-02,12911.0,1552.0,1.0,0,0,0,3
2013-10-03,0.0,0.0,0.0,0,1,0,4
2013-10-04,13211.0,1507.0,1.0,0,0,0,5
2013-10-05,11078.0,1270.0,1.0,0,0,0,6
2013-10-06,0.0,0.0,0.0,0,0,0,7
2013-10-07,20114.0,1850.0,1.0,1,0,0,1
2013-10-08,15166.0,1575.0,1.0,1,0,0,2
2013-10-09,13476.0,1494.0,1.0,1,0,0,3
2013-10-10,12697.0,1366.0,1.0,1,0,0,4
2013-10-11,11881.0,1239.0,1.0,1,0,0,5
2013-10-12,9896.0,1193.0,1.0,0,0,0,6
2013-10-13,0.0,0.0,0.0,0,0,0,7
2013-10-14,10901.0,1275.0,1.0,0,0,0,1
2013-10-15,10321.0,1194.0,1.0,0,0,0,2
2013-10-16,10639.0,1359.0,1.0,0,0,0,3
2013-10-17,10515.0,1242.0,1.0,0,0,0,4
2013-10-18,10792.0,1268.0,1.0,0,0,0,5
2013-10-19,10604.0,1211.0,1.0,0,0,0,6
2013-10-20,0.0,0.0,0.0,0,0,0,7
2013-10-21,16409.0,1597.0,1.0,1,0,1,1
2013-10-22,12467.0,1373.0,1.0,1,0,1,2
2013-10-23,13192.0,1410.0,1.0,1,0,1,3
2013-10-24,12102.0,1295.0,1.0,1,0,1,4
2013-10-25,10447.0,1227.0,1.0,1,0,1,5
2013-10-26,9061.0,1155.0,1.0,0,0,0,6
2013-10-27,0.0,0.0,0.0,0,0,0,7
2013-10-28,8336.0,1021.0,1.0,0,0,1,1
2013-10-29,10614.0,1250.0,1.0,0,0,1,2
2013-10-30,11284.0,1415.0,1.0,0,0,1,3
2013-10-31,13251.0,1568.0,1.0,0,0,1,4
2013-11-01,0.0,0.0,0.0,0,1,1,5
2013-11-02,12619.0,1411.0,1.0,0,0,0,6
2013-11-03,0.0,0.0,0.0,0,0,0,7
2013-11-04,15274.0,1400.0,1.0,1,0,0,1
2013-11-05,16315.0,1645.0,1.0,1,0,0,2
2013-11-06,14120.0,1515.0,1.0,1,0,0,3
2013-11-07,11751.0,1258.0,1.0,1,0,0,4
2013-11-08,13557.0,1466.0,1.0,1,0,0,5
2013-11-09,10615.0,1233.0,1.0,0,0,0,6
2013-11-10,0.0,0.0,0.0,0,0,0,7
2013-11-11,10723.0,1323.0,1.0,0,0,0,1
2013-11-12,10159.0,1230.0,1.0,0,0,0,2
2013-11-13,11561.0,1405.0,1.0,0,0,0,3
2013-11-14,10302.0,1176.0,1.0,0,0,0,4
2013-11-15,11671.0,1342.0,1.0,0,0,0,5
2013-11-16,11513.0,1255.0,1.0,0,0,0,6
2013-11-17,0.0,0.0,0.0,0,0,0,7
2013-11-18,17763.0,1632.0,1.0,1,0,0,1
2013-11-19,14533.0,1500.0,1.0,1,0,0,2
2013-11-20,14891.0,1594.0,1.0,1,0,0,3
2013-11-21,13164.0,1441.0,1.0,1,0,0,4
2013-11-22,12214.0,1345.0,1.0,1,0,0,5
2013-11-23,10988.0,1202.0,1.0,0,0,0,6
2013-11-24,0.0,0.0,0.0,0,0,0,7
2013-11-25,13751.0,1388.0,1.0,0,0,0,1
2013-11-26,11965.0,1354.0,1.0,0,0,0,2
2013-11-27,11590.0,1391.0,1.0,0,0,0,3
2013-11-28,12253.0,1381.0,1.0,0,0,0,4
2013-11-29,14267.0,1418.0,1.0,0,0,0,5
2013-11-30,14530.0,1460.0,1.0,0,0,0,6
2013-12-01,0.0,0.0,0.0,0,0,0,7
2013-12-02,22696.0,2007.0,1.0,1,0,0,1
2013-12-03,18818.0,1712.0,1.0,1,0,0,2
2013-12-04,17656.0,1663.0,1.0,1,0,0,3
2013-12-05,15856.0,1453.0,1.0,1,0,0,4
2013-12-06,15566.0,1568.0,1.0,1,0,0,5
2013-12-07,12809.0,1384.0,1.0,0,0,0,6
2013-12-08,0.0,0.0,0.0,0,0,0,7
2013-12-09,12634.0,1445.0,1.0,0,0,0,1
2013-12-10,13105.0,1459.0,1.0,0,0,0,2
2013-12-11,13230.0,1485.0,1.0,0,0,0,3
2013-12-12,12314.0,1425.0,1.0,0,0,0,4
2013-12-13,13127.0,1460.0,1.0,0,0,0,5
2013-12-14,12419.0,1356.0,1.0,0,0,0,6
2013-12-15,0.0,0.0,0.0,0,0,0,7
2013-12-16,26729.0,2232.0,1.0,1,0,0,1
2013-12-17,21496.0,1982.0,1.0,1,0,0,2
2013-12-18,21903.0,2156.0,1.0,1,0,0,3
2013-12-19,18176.0,1844.0,1.0,1,0,0,4
2013-12-20,20529.0,1994.0,1.0,1,0,0,5
2013-12-21,16904.0,1799.0,1.0,0,0,0,6
2013-12-22,0.0,0.0,0.0,0,0,0,7
2013-12-23,24392.0,2614.0,1.0,0,0,1,1
2013-12-24,8272.0,1042.0,1.0,0,0,1,2
2013-12-25,0.0,0.0,0.0,0,1,1,3
2013-12-26,0.0,0.0,0.0,0,1,1,4
2013-12-27,12213.0,1458.0,1.0,0,0,1,5
2013-12-28,10523.0,1172.0,1.0,0,0,0,6
2013-12-29,0.0,0.0,0.0,0,0,0,7
2013-12-30,15927.0,1680.0,1.0,0,0,1,1
2013-12-31,7394.0,931.0,1.0,0,0,1,2
2014-01-01,0.0,0.0,0.0,0,1,1,3
2014-01-02,11327.0,1364.0,1.0,0,0,1,4
2014-01-03,11250.0,1285.0,1.0,0,0,1,5
2014-01-04,10187.0,1245.0,1.0,0,0,0,6
2014-01-05,0.0,0.0,0.0,0,0,0,7
2014-01-06,20672.0,1825.0,1.0,1,0,1,1
2014-01-07,16827.0,1677.0,1.0,1,0,1,2
2014-01-08,14336.0,1574.0,1.0,1,0,0,3
2014-01-09,12243.0,1301.0,1.0,1,0,0,4
2014-01-10,14172.0,1551.0,1.0,1,0,0,5
2014-01-11,10190.0,1191.0,1.0,0,0,0,6
2014-01-12,0.0,0.0,0.0,0,0,0,7
2014-01-13,10406.0,1259.0,1.0,0,0,0,1
2014-01-14,10618.0,1309.0,1.0,0,0,0,2
2014-01-15,11245.0,1362.0,1.0,0,0,0,3
2014-01-16,9902.0,1216.0,1.0,0,0,0,4
2014-01-17,10597.0,1279.0,1.0,0,0,0,5
2014-01-18,11194.0,1248.0,1.0,0,0,0,6
2014-01-19,0.0,0.0,0.0,0,0,0,7
2014-01-20,19185.0,1735.0,1.0,1,0,0,1
2014-01-21,13776.0,1441.0,1.0,1,0,0,2
2014-01-22,14270.0,1539.0,1.0,1,0,0,3
2014-01-23,12182.0,1334.0,1.0,1,0,0,4
2014-01-24,12302.0,1311.0,1.0,1,0,0,5
2014-01-25,9913.0,1201.0,1.0,0,0,0,6
2014-01-26,0.0,0.0,0.0,0,0,0,7
2014-01-27,9624.0,1241.0,1.0,0,0,0,1
2014-01-28,9854.0,1252.0,1.0,0,0,0,2
2014-01-29,10337.0,1278.0,1.0,0,0,0,3
2014-01-30,9963.0,1190.0,1.0,0,0,0,4
2014-01-31,12465.0,1326.0,1.0,0,0,0,5
2014-02-01,12179.0,1196.0,1.0,0,0,0,6
2014-02-02,0.0,0.0,0.0,0,0,0,7
2014-02-03,21531.0,1906.0,1.0,1,0,0,1
2014-02-04,17089.0,1643.0,1.0,1,0,0,2
2014-02-05,14895.0,1622.0,1.0,1,0,0,3
2014-02-06,13470.0,1477.0,1.0,1,0,0,4
2014-02-07,10753.0,1075.0,1.0,1,0,0,5
2014-02-08,10981.0,1228.0,1.0,0,0,0,6
2014-02-09,0.0,0.0,0.0,0,0,0,7
2014-02-10,11651.0,1386.0,1.0,0,0,0,1
2014-02-11,10102.0,1284.0,1.0,0,0,0,2
2014-02-12,11555.0,1481.0,1.0,0,0,0,3
2014-02-13,9318.0,1161.0,1.0,0,0,0,4
2014-02-14,12492.0,1393.0,1.0,0,0,0,5
2014-02-15,10699.0,1267.0,1.0,0,0,0,6
2014-02-16,0.0,0.0,0.0,0,0,0,7
2014-02-17,18238.0,1751.0,1.0,1,0,0,1
2014-02-18,14773.0,1531.0,1.0,1,0,0,2
2014-02-19,13803.0,1479.0,1.0,1,0,0,3
2014-02-20,11970.0,1383.0,1.0,1,0,0,4
2014-02-21,12086.0,1326.0,1.0,1,0,0,5
2014-02-22,10540.0,1188.0,1.0,0,0,0,6
2014-02-23,0.0,0.0,0.0,0,0,0,7
2014-02-24,10636.0,1343.0,1.0,0,0,0,1
2014-02-25,9853.0,1268.0,1.0,0,0,0,2
2014-02-26,10475.0,1379.0,1.0,0,0,0,3
2014-02-27,9769.0,1139.0,1.0,0,0,0,4
2014-02-28,13020.0,1407.0,1.0,0,0,0,5
2014-03-01,13047.0,1429.0,1.0,0,0,0,6
2014-03-02,0.0,0.0,0.0,0,0,0,7
2014-03-03,12745.0,1086.0,1.0,1,0,0,1
2014-03-04,16295.0,1670.0,1.0,1,0,0,2
2014-03-05,14248.0,1547.0,1.0,1,0,0,3
2014-03-06,13480.0,1449.0,1.0,1,0,0,4
2014-03-07,13245.0,1388.0,1.0,1,0,0,5
2014-03-08,9813.0,1163.0,1.0,0,0,0,6
2014-03-09,0.0,0.0,0.0,0,0,0,7
2014-03-10,10639.0,1224.0,1.0,0,0,0,1
2014-03-11,9709.0,1192.0,1.0,0,0,0,2
2014-03-12,11309.0,1348.0,1.0,0,0,0,3
2014-03-13,10059.0,1269.0,1.0,0,0,0,4
2014-03-14,11138.0,1276.0,1.0,0,0,0,5
2014-03-15,10152.0,1194.0,1.0,0,0,0,6
2014-03-16,0.0,0.0,0.0,0,0,0,7
2014-03-17,17525.0,1660.0,1.0,1,0,0,1
2014-03-18,13857.0,1466.0,1.0,1,0,0,2
2014-03-19,14247.0,1545.0,1.0,1,0,0,3
2014-03-20,12830.0,1420.0,1.0,1,0,0,4
2014-03-21,12087.0,1345.0,1.0,1,0,0,5
2014-03-22,9881.0,1164.0,1.0,0,0,0,6
2014-03-23,0.0,0.0,0.0,0,0,0,7
2014-03-24,11632.0,1315.0,1.0,0,0,0,1
2014-03-25,10711.0,1306.0,1.0,0,0,0,2
2014-03-26,10803.0,1303.0,1.0,0,0,0,3
2014-03-27,10208.0,1200.0,1.0,0,0,0,4
2014-03-28,10942.0,1272.0,1.0,0,0,0,5
2014-03-29,10166.0,1185.0,1.0,0,0,0,6
2014-03-30,0.0,0.0,0.0,0,0,0,7
2014-03-31,16344.0,1548.0,1.0,1,0,0,1
2014-04-01,14256.0,1446.0,1.0,1,0,0,2
2014-04-02,14742.0,1612.0,1.0,1,0,0,3
2014-04-03,13054.0,1374.0,1.0,1,0,0,4
2014-04-04,12669.0,1367.0,1.0,1,0,0,5
2014-04-05,11130.0,1249.0,1.0,0,0,0,6
2014-04-06,0.0,0.0,0.0,0,0,0,7
2014-04-07,10820.0,1306.0,1.0,0,0,0,1
2014-04-08,10484.0,1193.0,1.0,0,0,0,2
2014-04-09,11832.0,1382.0,1.0,0,0,0,3
2014-04-10,11301.0,1315.0,1.0,0,0,0,4
2014-04-11,10983.0,1273.0,1.0,0,0,0,5
2014-04-12,10793.0,1217.0,1.0,0,0,0,6
2014-04-13,0.0,0.0,0.0,0,0,0,7
2014-04-14,17967.0,1584.0,1.0,1,0,1,1
2014-04-15,17819.0,1645.0,1.0,1,0,1,2
2014-04-16,17708.0,1778.0,1.0,1,0,1,3
2014-04-17,16498.0,1696.0,1.0,1,0,1,4
2014-04-18,0.0,0.0,0.0,1,1,1,5
2014-04-19,14517.0,1634.0,1.0,0,0,0,6
2014-04-20,0.0,0.0,0.0,0,0,0,7
2014-04-21,0.0,0.0,0.0,0,1,1,1
2014-04-22,11158.0,1400.0,1.0,0,0,1,2
2014-04-23,10221.0,1328.0,1.0,0,0,1,3
2014-04-24,9614.0,1176.0,1.0,0,0,1,4
2014-04-25,10637.0,1288.0,1.0,0,0,1,5
2014-04-26,10084.0,1177.0,1.0,0,0,0,6
2014-04-27,0.0,0.0,0.0,0,0,0,7
2014-04-28,17691.0,1659.0,1.0,1,0,0,1
2014-04-29,14354.0,1444.0,1.0,1,0,0,2
2014-04-30,17598.0,1767.0,1.0,1,0,0,3
2014-05-01,0.0,0.0,0.0,1,1,0,4
2014-05-02,17979.0,1771.0,1.0,1,0,0,5
2014-05-03,11342.0,1326.0,1.0,0,0,0,6
2014-05-04,0.0,0.0,0.0,0,0,0,7
2014-05-05,19093.0,1812.0,1.0,1,0,0,1
2014-05-06,15382.0,1573.0,1.0,1,0,0,2
2014-05-07,15201.0,1526.0,1.0,1,0,0,3
2014-05-08,13063.0,1349.0,1.0,1,0,0,4
2014-05-09,13970.0,1459.0,1.0,1,0,0,5
2014-05-10,11383.0,1333.0,1.0,0,0,0,6
2014-05-11,0.0,0.0,0.0,0,0,0,7
2014-05-12,10505.0,1227.0,1.0,0,0,0,1
2014-05-13,11031.0,1315.0,1.0,0,0,0,2
2014-05-14,11465.0,1352.0,1.0,0,0,0,3
2014-05-15,11098.0,1302.0,1.0,0,0,0,4
2014-05-16,10615.0,1252.0,1.0,0,0,0,5
2014-05-17,9931.0,1169.0,1.0,0,0,0,6
2014-05-18,0.0,0.0,0.0,0,0,0,7
2014-05-19,16551.0,1594.0,1.0,1,0,0,1
2014-05-20,14377.0,1483.0,1.0,1,0,0,2
2014-05-21,13966.0,1470.0,1.0,1,0,0,3
2014-05-22,12611.0,1413.0,1.0,1,0,0,4
2014-05-23,11794.0,1263.0,1.0,1,0,0,5
2014-05-24,10582.0,1225.0,1.0,0,0,0,6
2014-05-25,0.0,0.0,0.0,0,0,0,7
2014-05-26,9205.0,1160.0,1.0,0,0,0,1
2014-05-27,10283.0,1237.0,1.0,0,0,0,2
2014-05-28,12012.0,1333.0,1.0,0,0,0,3
2014-05-29,0.0,0.0,0.0,0,1,0,4
2014-05-30,16148.0,1718.0,1.0,0,0,0,5
2014-05-31,11239.0,1297.0,1.0,0,0,0,6
2014-06-01,0.0,0.0,0.0,0,0,0,7
2014-06-02,20260.0,1842.0,1.0,1,0,0,1
2014-06-03,16517.0,1670.0,1.0,1,0,0,2
2014-06-04,14565.0,1544.0,1.0,1,0,0,3
2014-06-05,13161.0,1335.0,1.0,1,0,0,4
2014-06-06,15328.0,1567.0,1.0,1,0,0,5
2014-06-07,11771.0,1317.0,1.0,0,0,0,6
2014-06-08,0.0,0.0,0.0,0,0,0,7
2014-06-09,0.0,0.0,0.0,0,1,0,1
2014-06-10,12981.0,1454.0,1.0,0,0,1,2
2014-06-11,12190.0,1430.0,1.0,0,0,0,3
2014-06-12,12666.0,1395.0,1.0,0,0,0,4
2014-06-13,11620.0,1284.0,1.0,0,0,0,5
2014-06-14,11040.0,1249.0,1.0,0,0,0,6
2014-06-15,0.0,0.0,0.0,0,0,0,7
2014-06-16,18236.0,1683.0,1.0,1,0,0,1
2014-06-17,15797.0,1563.0,1.0,1,0,0,2
2014-06-18,16368.0,1734.0,1.0,1,0,0,3
2014-06-19,0.0,0.0,0.0,1,1,0,4
2014-06-20,18048.0,1752.0,1.0,1,0,0,5
2014-06-21,10929.0,1216.0,1.0,0,0,0,6
2014-06-22,0.0,0.0,0.0,0,0,0,7
2014-06-23,11374.0,1327.0,1.0,0,0,0,1
2014-06-24,10516.0,1288.0,1.0,0,0,0,2
2014-06-25,11657.0,1389.0,1.0,0,0,0,3
2014-06-26,10897.0,1222.0,1.0,0,0,0,4
2014-06-27,11033.0,1235.0,1.0,0,0,0,5
2014-06-28,11519.0,1329.0,1.0,0,0,0,6
2014-06-29,0.0,0.0,0.0,0,0,0,7
2014-06-30,20831.0,1855.0,1.0,1,0,0,1
2014-07-01,17818.0,1642.0,1.0,1,0,0,2
2014-07-02,16835.0,1707.0,1.0,1,0,0,3
2014-07-03,14997.0,1555.0,1.0,1,0,0,4
2014-07-04,12629.0,1383.0,1.0,1,0,0,5
2014-07-05,11918.0,1281.0,1.0,0,0,0,6
2014-07-06,0.0,0.0,0.0,0,0,0,7
2014-07-07,12419.0,1412.0,1.0,0,0,1,1
2014-07-08,8917.0,988.0,1.0,0,0,1,2
2014-07-09,9891.0,1089.0,1.0,0,0,1,3
2014-07-10,11969.0,1338.0,1.0,0,0,1,4
2014-07-11,11452.0,1248.0,1.0,0,0,1,5
2014-07-12,10564.0,1181.0,1.0,0,0,0,6
2014-07-13,0.0,0.0,0.0,0,0,0,7
2014-07-14,17102.0,1478.0,1.0,1,0,1,1
2014-07-15,15032.0,1434.0,1.0,1,0,1,2
2014-07-16,15546.0,1592.0,1.0,1,0,1,3
2014-07-17,12870.0,1338.0,1.0,1,0,1,4
2014-07-18,12229.0,1278.0,1.0,1,0,1,5
2014-07-19,9433.0,1099.0,1.0,0,0,0,6
2014-07-20,0.0,0.0,0.0,0,0,0,7
2014-07-21,10652.0,1125.0,1.0,0,0,1,1
2014-07-22,10365.0,1180.0,1.0,0,0,1,2
2014-07-23,10449.0,1243.0,1.0,0,0,1,3
2014-07-24,10097.0,1137.0,1.0,0,0,1,4
2014-07-25,9779.0,1024.0,1.0,0,0,1,5
2014-07-26,9970.0,1139.0,1.0,0,0,0,6
2014-07-27,0.0,0.0,0.0,0,0,0,7
2014-07-28,15095.0,1381.0,1.0,1,0,1,1
2014-07-29,9218.0,1052.0,1.0,1,0,1,2
2014-07-30,12876.0,1437.0,1.0,1,0,1,3
2014-07-31,14679.0,1515.0,1.0,1,0,1,4
2014-08-01,13569.0,1474.0,1.0,1,0,1,5
2014-08-02,10659.0,1244.0,1.0,0,0,0,6
2014-08-03,0.0,0.0,0.0,0,0,0,7
2014-08-04,17128.0,1698.0,1.0,1,0,1,1
2014-08-05,14226.0,1517.0,1.0,1,0,1,2
2014-08-06,13120.0,1471.0,1.0,1,0,1,3
2014-08-07,12336.0,1374.0,1.0,1,0,1,4
2014-08-08,12634.0,1322.0,1.0,1,0,1,5
2014-08-09,9355.0,1121.0,1.0,0,0,0,6
2014-08-10,0.0,0.0,0.0,0,0,0,7
2014-08-11,11567.0,1371.0,1.0,0,0,1,1
2014-08-12,10754.0,1243.0,1.0,0,0,1,2
2014-08-13,12247.0,1433.0,1.0,0,0,1,3
2014-08-14,10124.0,1206.0,1.0,0,0,1,4
2014-08-15,11185.0,1241.0,1.0,0,0,1,5
2014-08-16,10929.0,1202.0,1.0,0,0,0,6
2014-08-17,0.0,0.0,0.0,0,0,0,7
2014-08-18,18712.0,1821.0,1.0,1,0,1,1
2014-08-19,17255.0,1784.0,1.0,1,0,1,2
2014-08-20,15886.0,1789.0,1.0,1,0,0,3
2014-08-21,13633.0,1520.0,1.0,1,0,0,4
2014-08-22,12409.0,1456.0,1.0,1,0,0,5
2014-08-23,10275.0,1278.0,1.0,0,0,0,6
2014-08-24,0.0,0.0,0.0,0,0,0,7
2014-08-25,7265.0,1195.0,1.0,0,0,0,1
2014-08-26,11377.0,1443.0,1.0,0,0,0,2
2014-08-27,11590.0,1452.0,1.0,0,0,0,3
2014-08-28,10547.0,1295.0,1.0,0,0,0,4
2014-08-29,13610.0,1440.0,1.0,0,0,0,5
2014-08-30,11410.0,1249.0,1.0,0,0,0,6
2014-08-31,0.0,0.0,0.0,0,0,0,7
2014-09-01,19492.0,1894.0,1.0,1,0,0,1
2014-09-02,15460.0,1542.0,1.0,1,0,0,2
2014-09-03,15761.0,1656.0,1.0,1,0,0,3
2014-09-04,13834.0,1466.0,1.0,1,0,0,4
2014-09-05,12205.0,1424.0,1.0,1,0,0,5
2014-09-06,10009.0,1218.0,1.0,0,0,0,6
2014-09-07,0.0,0.0,0.0,0,0,0,7
2014-09-08,11079.0,1347.0,1.0,0,0,0,1
2014-09-09,10110.0,1252.0,1.0,0,0,0,2
2014-09-10,10802.0,1402.0,1.0,0,0,0,3
2014-09-11,10095.0,1270.0,1.0,0,0,0,4
2014-09-12,10884.0,1307.0,1.0,0,0,0,5
2014-09-13,10923.0,1230.0,1.0,0,0,0,6
2014-09-14,0.0,0.0,0.0,0,0,0,7
2014-09-15,18088.0,1729.0,1.0,1,0,0,1
2014-09-16,14271.0,1465.0,1.0,1,0,0,2
2014-09-17,13425.0,1473.0,1.0,1,0,0,3
2014-09-18,12389.0,1402.0,1.0,1,0,0,4
2014-09-19,11943.0,1358.0,1.0,1,0,0,5
2014-09-20,9831.0,1155.0,1.0,0,0,0,6
2014-09-21,0.0,0.0,0.0,0,0,0,7
2014-09-22,9613.0,1158.0,1.0,0,0,0,1
2014-09-23,9378.0,1177.0,1.0,0,0,0,2
2014-09-24,10133.0,1295.0,1.0,0,0,0,3
2014-09-25,9267.0,1163.0,1.0,0,0,0,4
2014-09-26,9967.0,1179.0,1.0,0,0,0,5
2014-09-27,9734.0,1205.0,1.0,0,0,0,6
2014-09-28,0.0,0.0,0.0,0,0,0,7
2014-09-29,16615.0,1595.0,1.0,1,0,0,1
2014-09-30,17189.0,1663.0,1.0,1,0,0,2
2014-10-01,16733.0,1689.0,1.0,1,0,0,3
2014-10-02,15453.0,1654.0,1.0,1,0,0,4
2014-10-03,0.0,0.0,0.0,1,1,0,5
2014-10-04,12622.0,1430.0,1.0,0,0,0,6
2014-10-05,0.0,0.0,0.0,0,0,0,7
2014-10-06,17478.0,1674.0,1.0,1,0,1,1
2014-10-07,13579.0,1340.0,1.0,1,0,1,2
2014-10-08,13412.0,1497.0,1.0,1,0,1,3
2014-10-09,12481.0,1355.0,1.0,1,0,1,4
2014-10-10,12062.0,1333.0,1.0,1,0,1,5
2014-10-11,9908.0,1170.0,1.0,0,0,0,6
2014-10-12,0.0,0.0,0.0,0,0,0,7
2014-10-13,10384.0,1241.0,1.0,0,0,1,1
2014-10-14,10446.0,1247.0,1.0,0,0,1,2
2014-10-15,10396.0,1287.0,1.0,0,0,1,3
2014-10-16,8792.0,1106.0,1.0,0,0,1,4
2014-10-17,10228.0,1239.0,1.0,0,0,1,5
2014-10-18,10138.0,1212.0,1.0,0,0,0,6
2014-10-19,0.0,0.0,0.0,0,0,0,7
2014-10-20,16616.0,1603.0,1.0,1,0,0,1
2014-10-21,12682.0,1276.0,1.0,1,0,0,2
2014-10-22,13540.0,1476.0,1.0,1,0,0,3
2014-10-23,12973.0,1434.0,1.0,1,0,0,4
2014-10-24,12927.0,1416.0,1.0,1,0,0,5
2014-10-25,9882.0,1180.0,1.0,0,0,0,6
2014-10-26,0.0,0.0,0.0,0,0,0,7
2014-10-27,11858.0,1370.0,1.0,0,0,0,1
2014-10-28,10746.0,1307.0,1.0,0,0,0,2
2014-10-29,10506.0,1225.0,1.0,0,0,0,3
2014-10-30,11047.0,1314.0,1.0,0,0,0,4
2014-10-31,14612.0,1630.0,1.0,0,0,0,5
2014-11-01,0.0,0.0,0.0,0,1,0,6
2014-11-02,0.0,0.0,0.0,0,0,0,7
2014-11-03,20931.0,1894.0,1.0,1,0,0,1
2014-11-04,17711.0,1631.0,1.0,1,0,0,2
2014-11-05,16933.0,1700.0,1.0,1,0,0,3
2014-11-06,14404.0,1474.0,1.0,1,0,0,4
2014-11-07,13505.0,1432.0,1.0,1,0,0,5
2014-11-08,11749.0,1305.0,1.0,0,0,0,6
2014-11-09,0.0,0.0,0.0,0,0,0,7
2014-11-10,14945.0,1538.0,1.0,1,0,0,1
2014-11-11,13397.0,1381.0,1.0,1,0,0,2
2014-11-12,13784.0,1548.0,1.0,1,0,0,3
2014-11-13,12997.0,1356.0,1.0,1,0,0,4
2014-11-14,12987.0,1367.0,1.0,1,0,0,5
2014-11-15,10559.0,1167.0,1.0,0,0,0,6
2014-11-16,0.0,0.0,0.0,0,0,0,7
2014-11-17,11855.0,1397.0,1.0,0,0,0,1
2014-11-18,11582.0,1290.0,1.0,0,0,0,2
2014-11-19,11487.0,1395.0,1.0,0,0,0,3
2014-11-20,10620.0,1248.0,1.0,0,0,0,4
2014-11-21,11319.0,1280.0,1.0,0,0,0,5
2014-11-22,11206.0,1228.0,1.0,0,0,0,6
2014-11-23,0.0,0.0,0.0,0,0,0,7
2014-11-24,17586.0,1722.0,1.0,1,0,0,1
2014-11-25,14971.0,1504.0,1.0,1,0,0,2
2014-11-26,15231.0,1523.0,1.0,1,0,0,3
2014-11-27,14179.0,1418.0,1.0,1,0,0,4
2014-11-28,16311.0,1590.0,1.0,1,0,0,5
2014-11-29,15205.0,1454.0,1.0,0,0,0,6
2014-11-30,0.0,0.0,0.0,0,0,0,7
2014-12-01,21615.0,1912.0,1.0,1,0,0,1
2014-12-02,17029.0,1651.0,1.0,1,0,0,2
2014-12-03,17137.0,1597.0,1.0,1,0,0,3
2014-12-04,16522.0,1534.0,1.0,1,0,0,4
2014-12-05,20031.0,1936.0,1.0,1,0,0,5
2014-12-06,13646.0,1459.0,1.0,0,0,0,6
2014-12-07,0.0,0.0,0.0,0,0,0,7
2014-12-08,12071.0,1372.0,1.0,0,0,0,1
2014-12-09,12625.0,1406.0,1.0,0,0,0,2
2014-12-10,11645.0,1313.0,1.0,0,0,0,3
2014-12-11,11258.0,1263.0,1.0,0,0,0,4
2014-12-12,11141.0,1051.0,1.0,0,0,0,5
2014-12-13,14550.0,1451.0,1.0,0,0,0,6
2014-12-14,0.0,0.0,0.0,0,0,0,7
2014-12-15,23386.0,1911.0,1.0,1,0,0,1
2014-12-16,21542.0,1958.0,1.0,1,0,0,2
2014-12-17,19802.0,1860.0,1.0,1,0,0,3
2014-12-18,18888.0,1788.0,1.0,1,0,0,4
2014-12-19,17126.0,1615.0,1.0,1,0,0,5
2014-12-20,15996.0,1609.0,1.0,0,0,0,6
2014-12-21,0.0,0.0,0.0,0,0,0,7
2014-12-22,21875.0,2250.0,1.0,0,0,1,1
2014-12-23,22725.0,2376.0,1.0,0,0,1,2
2014-12-24,10662.0,1175.0,1.0,0,0,1,3
2014-12-25,0.0,0.0,0.0,0,1,1,4
2014-12-26,0.0,0.0,0.0,0,1,1,5
2014-12-27,11179.0,1321.0,1.0,0,0,0,6
2014-12-28,0.0,0.0,0.0,0,0,0,7
2014-12-29,14666.0,1528.0,1.0,0,0,1,1
2014-12-30,14814.0,1578.0,1.0,0,0,1,2
2014-12-31,7776.0,932.0,1.0,0,0,1,3
2015-01-01,0.0,0.0,0.0,0,1,1,4
2015-01-02,12746.0,1413.0,1.0,0,0,1,5
2015-01-03,10304.0,1153.0,1.0,0,0,0,6
2015-01-04,0.0,0.0,0.0,0,0,0,7
2015-01-05,19730.0,1842.0,1.0,1,0,1,1
2015-01-06,16206.0,1652.0,1.0,1,0,1,2
2015-01-07,14313.0,1505.0,1.0,1,0,0,3
2015-01-08,12166.0,1177.0,1.0,1,0,0,4
2015-01-09,13021.0,1301.0,1.0,1,0,0,5
2015-01-10,10660.0,1166.0,1.0,0,0,0,6
2015-01-11,0.0,0.0,0.0,0,0,0,7
2015-01-12,16681.0,1507.0,1.0,1,0,0,1
2015-01-13,13394.0,1315.0,1.0,1,0,0,2
2015-01-14,14966.0,1505.0,1.0,1,0,0,3
2015-01-15,10881.0,1175.0,1.0,1,0,0,4
2015-01-16,14874.0,1584.0,1.0,1,0,0,5
2015-01-17,12284.0,1328.0,1.0,0,0,0,6
2015-01-18,0.0,0.0,0.0,0,0,0,7
2015-01-19,11448.0,1336.0,1.0,0,0,0,1
2015-01-20,9796.0,1267.0,1.0,0,0,0,2
2015-01-21,10378.0,1291.0,1.0,0,0,0,3
2015-01-22,9871.0,1182.0,1.0,0,0,0,4
2015-01-23,11925.0,1312.0,1.0,0,0,0,5
2015-01-24,9212.0,989.0,1.0,0,0,0,6
2015-01-25,0.0,0.0,0.0,0,0,0,7
2015-01-26,15380.0,1412.0,1.0,1,0,0,1
2015-01-27,15390.0,1500.0,1.0,1,0,0,2
2015-01-28,13862.0,1398.0,1.0,1,0,0,3
2015-01-29,12436.0,1283.0,1.0,1,0,0,4
2015-01-30,14116.0,1405.0,1.0,1,0,0,5
2015-01-31,12618.0,1313.0,1.0,0,0,0,6
2015-02-01,0.0,0.0,0.0,0,0,0,7
2015-02-02,19405.0,1771.0,1.0,1,0,0,1
2015-02-03,15922.0,1580.0,1.0,1,0,0,2
2015-02-04,15116.0,1591.0,1.0,1,0,0,3
2015-02-05,13406.0,1343.0,1.0,1,0,0,4
2015-02-06,13758.0,1456.0,1.0,1,0,0,5
2015-02-07,11442.0,1238.0,1.0,0,0,0,6
2015-02-08,0.0,0.0,0.0,0,0,0,7
2015-02-09,10812.0,1271.0,1.0,0,0,0,1
2015-02-10,11046.0,1288.0,1.0,0,0,0,2
2015-02-11,12852.0,1517.0,1.0,0,0,0,3
2015-02-12,10027.0,1161.0,1.0,0,0,0,4
2015-02-13,12517.0,1398.0,1.0,0,0,0,5
2015-02-14,12503.0,1368.0,1.0,0,0,0,6
2015-02-15,0.0,0.0,0.0,0,0,0,7
2015-02-16,11414.0,1008.0,1.0,1,0,0,1
2015-02-17,15464.0,1481.0,1.0,1,0,0,2
2015-02-18,14819.0,1540.0,1.0,1,0,0,3
2015-02-19,14482.0,1479.0,1.0,1,0,0,4
2015-02-20,12834.0,1329.0,1.0,1,0,0,5
2015-02-21,10805.0,1194.0,1.0,0,0,0,6
2015-02-22,0.0,0.0,0.0,0,0,0,7
2015-02-23,10435.0,1263.0,1.0,0,0,0,1
2015-02-24,9948.0,1225.0,1.0,0,0,0,2
2015-02-25,11255.0,1346.0,1.0,0,0,0,3
2015-02-26,10653.0,1266.0,1.0,0,0,0,4
2015-02-27,12683.0,1354.0,1.0,0,0,0,5
2015-02-28,13205.0,1354.0,1.0,0,0,0,6
2015-03-01,0.0,0.0,0.0,0,0,0,7
2015-03-02,17882.0,1676.0,1.0,1,0,0,1
2015-03-03,14553.0,1349.0,1.0,1,0,0,2
2015-03-04,15077.0,1483.0,1.0,1,0,0,3
2015-03-05,14758.0,1460.0,1.0,1,0,0,4
2015-03-06,13244.0,1431.0,1.0,1,0,0,5
2015-03-07,11339.0,1263.0,1.0,0,0,0,6
2015-03-08,0.0,0.0,0.0,0,0,0,7
2015-03-09,12241.0,1364.0,1.0,0,0,0,1
2015-03-10,11681.0,1333.0,1.0,0,0,0,2
2015-03-11,11855.0,1402.0,1.0,0,0,0,3
2015-03-12,11385.0,1286.0,1.0,0,0,0,4
2015-03-13,11933.0,1251.0,1.0,0,0,0,5
2015-03-14,11379.0,1188.0,1.0,0,0,0,6
2015-03-15,0.0,0.0,0.0,0,0,0,7
2015-03-16,19466.0,1769.0,1.0,1,0,0,1
2015-03-17,15489.0,1516.0,1.0,1,0,0,2
2015-03-18,15051.0,1515.0,1.0,1,0,0,3
2015-03-19,13592.0,1342.0,1.0,1,0,0,4
2015-03-20,12735.0,1343.0,1.0,1,0,0,5
2015-03-21,9843.0,1133.0,1.0,0,0,0,6
2015-03-22,0.0,0.0,0.0,0,0,0,7
2015-03-23,11669.0,1318.0,1.0,0,0,0,1
2015-03-24,10978.0,1243.0,1.0,0,0,0,2
2015-03-25,12354.0,1402.0,1.0,0,0,0,3
2015-03-26,10217.0,1150.0,1.0,0,0,0,4
2015-03-27,10434.0,1128.0,1.0,0,0,0,5
2015-03-28,11593.0,1220.0,1.0,0,0,0,6
2015-03-29,0.0,0.0,0.0,0,0,0,7
2015-03-30,17093.0,1445.0,1.0,1,0,1,1
2015-03-31,14328.0,1232.0,1.0,1,0,1,2
2015-04-01,20238.0,1761.0,1.0,1,0,1,3
2015-04-02,18860.0,1781.0,1.0,1,0,1,4
2015-04-03,0.0,0.0,0.0,1,1,1,5
2015-04-04,16145.0,1632.0,1.0,0,0,0,6
2015-04-05,0.0,0.0,0.0,0,0,0,7
2015-04-06,0.0,0.0,0.0,0,1,1,1
2015-04-07,13362.0,1488.0,1.0,0,0,1,2
2015-04-08,12360.0,1383.0,1.0,0,0,1,3
2015-04-09,10410.0,1250.0,1.0,0,0,1,4
2015-04-10,10638.0,1178.0,1.0,0,0,1,5
2015-04-11,10946.0,1246.0,1.0,0,0,0,6
2015-04-12,0.0,0.0,0.0,0,0,0,7
2015-04-13,19052.0,1755.0,1.0,1,0,0,1
2015-04-14,15770.0,1560.0,1.0,1,0,0,2
2015-04-15,15155.0,1584.0,1.0,1,0,0,3
2015-04-16,14355.0,1406.0,1.0,1,0,0,4
2015-04-17,13932.0,1408.0,1.0,1,0,0,5
2015-04-18,10829.0,1223.0,1.0,0,0,0,6
2015-04-19,0.0,0.0,0.0,0,0,0,7
2015-04-20,11511.0,1363.0,1.0,0,0,0,1
2015-04-21,10571.0,1279.0,1.0,0,0,0,2
2015-04-22,10722.0,1319.0,1.0,0,0,0,3
2015-04-23,11629.0,1278.0,1.0,0,0,0,4
2015-04-24,10130.0,1165.0,1.0,0,0,0,5
2015-04-25,10580.0,1161.0,1.0,0,0,0,6
2015-04-26,0.0,0.0,0.0,0,0,0,7
2015-04-27,16591.0,1552.0,1.0,1,0,0,1
2015-04-28,15681.0,1479.0,1.0,1,0,0,2
2015-04-29,16502.0,1679.0,1.0,1,0,0,3
2015-04-30,17641.0,1705.0,1.0,1,0,0,4
2015-05-01,0.0,0.0,0.0,1,1,0,5
2015-05-02,14445.0,1516.0,1.0,0,0,0,6
2015-05-03,0.0,0.0,0.0,0,0,0,7
2015-05-04,17491.0,1663.0,1.0,1,0,0,1
2015-05-05,13969.0,1421.0,1.0,1,0,0,2
2015-05-06,15477.0,1622.0,1.0,1,0,0,3
2015-05-07,13679.0,1386.0,1.0,1,0,0,4
2015-05-08,13489.0,1413.0,1.0,1,0,0,5
2015-05-09,11724.0,1359.0,1.0,0,0,0,6
2015-05-10,0.0,0.0,0.0,0,0,0,7
2015-05-11,11987.0,1383.0,1.0,0,0,0,1
2015-05-12,11570.0,1323.0,1.0,0,0,0,2
2015-05-13,14148.0,1574.0,1.0,0,0,0,3
2015-05-14,0.0,0.0,0.0,0,1,0,4
2015-05-15,13913.0,1509.0,1.0,0,0,0,5
2015-05-16,10360.0,1124.0,1.0,0,0,0,6
2015-05-17,0.0,0.0,0.0,0,0,0,7
2015-05-18,16632.0,1634.0,1.0,1,0,0,1
2015-05-19,14871.0,1458.0,1.0,1,0,0,2
2015-05-20,14949.0,1518.0,1.0,1,0,0,3
2015-05-21,13445.0,1397.0,1.0,1,0,0,4
2015-05-22,12602.0,1374.0,1.0,1,0,0,5
2015-05-23,11256.0,1284.0,1.0,0,0,0,6
2015-05-24,0.0,0.0,0.0,0,0,0,7
2015-05-25,0.0,0.0,0.0,0,1,0,1
2015-05-26,12397.0,1396.0,1.0,0,0,1,2
2015-05-27,11956.0,1404.0,1.0,0,0,0,3
2015-05-28,10709.0,1198.0,1.0,0,0,0,4
2015-05-29,13887.0,1415.0,1.0,0,0,0,5
2015-05-30,13359.0,1287.0,1.0,0,0,0,6
2015-05-31,0.0,0.0,0.0,0,0,0,7
2015-06-01,22649.0,1928.0,1.0,1,0,0,1
2015-06-02,19284.0,1628.0,1.0,1,0,0,2
2015-06-03,17483.0,1719.0,1.0,1,0,0,3
2015-06-04,0.0,0.0,0.0,1,1,0,4
2015-06-05,17484.0,1623.0,1.0,1,0,0,5
2015-06-06,11701.0,1270.0,1.0,0,0,0,6
2015-06-07,0.0,0.0,0.0,0,0,0,7
2015-06-08,12693.0,1358.0,1.0,0,0,0,1
2015-06-09,11471.0,1295.0,1.0,0,0,0,2
2015-06-10,12072.0,1397.0,1.0,0,0,0,3
2015-06-11,11152.0,1241.0,1.0,0,0,0,4
2015-06-12,12050.0,1258.0,1.0,0,0,0,5
2015-06-13,11687.0,1214.0,1.0,0,0,0,6
2015-06-14,0.0,0.0,0.0,0,0,0,7
2015-06-15,20215.0,1762.0,1.0,1,0,0,1
2015-06-16,17204.0,1561.0,1.0,1,0,0,2
2015-06-17,16038.0,1574.0,1.0,1,0,0,3
2015-06-18,13799.0,1363.0,1.0,1,0,0,4
2015-06-19,13439.0,1325.0,1.0,1,0,0,5
2015-06-20,11235.0,1251.0,1.0,0,0,0,6
2015-06-21,0.0,0.0,0.0,0,0,0,7
2015-06-22,11570.0,1306.0,1.0,0,0,0,1
2015-06-23,12131.0,1318.0,1.0,0,0,0,2
2015-06-24,12679.0,1354.0,1.0,0,0,0,3
2015-06-25,11086.0,1204.0,1.0,0,0,0,4
2015-06-26,11261.0,1218.0,1.0,0,0,0,5
2015-06-27,11932.0,1227.0,1.0,0,0,0,6
2015-06-28,0.0,0.0,0.0,0,0,0,7
2015-06-29,20668.0,1714.0,1.0,1,0,1,1
2015-06-30,17606.0,1559.0,1.0,1,0,1,2
2015-07-01,17619.0,1545.0,1.0,1,0,1,3
2015-07-02,13429.0,1282.0,1.0,1,0,1,4
2015-07-03,13623.0,1292.0,1.0,1,0,1,5
2015-07-04,10903.0,1110.0,1.0,0,0,0,6
2015-07-05,0.0,0.0,0.0,0,0,0,7
2015-07-06,14249.0,1384.0,1.0,0,0,1,1
2015-07-07,11616.0,1196.0,1.0,0,0,1,2
2015-07-08,12715.0,1301.0,1.0,0,0,1,3
2015-07-09,11197.0,1161.0,1.0,0,0,1,4
2015-07-10,11732.0,1189.0,1.0,0,0,1,5
2015-07-11,10639.0,1111.0,1.0,0,0,0,6
2015-07-12,0.0,0.0,0.0,0,0,0,7
2015-07-13,16746.0,1402.0,1.0,1,0,1,1
2015-07-14,15281.0,1449.0,1.0,1,0,1,2
2015-07-15,14569.0,1457.0,1.0,1,0,1,3
2015-07-16,13627.0,1321.0,1.0,1,0,1,4
2015-07-17,11990.0,1208.0,1.0,1,0,1,5
2015-07-18,10909.0,1184.0,1.0,0,0,0,6
2015-07-19,0.0,0.0,0.0,0,0,0,7
2015-07-20,12153.0,1282.0,1.0,0,0,1,1
2015-07-21,11458.0,1177.0,1.0,0,0,1,2
2015-07-22,11102.0,1254.0,1.0,0,0,1,3
2015-07-23,10504.0,1111.0,1.0,0,0,1,4
2015-07-24,10409.0,1118.0,1.0,0,0,1,5
2015-07-25,8413.0,914.0,1.0,0,0,0,6
2015-07-26,0.0,0.0,0.0,0,0,0,7
2015-07-27,16104.0,1412.0,1.0,1,0,1,1
2015-07-28,14892.0,1383.0,1.0,1,0,1,2
2015-07-29,15367.0,1511.0,1.0,1,0,1,3
2015-07-30,12928.0,1255.0,1.0,1,0,1,4
2015-07-31,14949.0,1439.0,1.0,1,0,1,5
2015-08-01,,,1.0,0,0,0,6
2015-08-02,,,0.0,0,0,0,7
2015-08-03,,,1.0,1,0,1,1
2015-08-04,,,1.0,1,0,1,2
2015-08-05,,,1.0,1,0,1,3
2015-08-06,,,1.0,1,0,1,4
2015-08-07,,,1.0,1,0,1,5
2015-08-08,,,1.0,0,0,0,6
2015-08-09,,,0.0,0,0,0,7
2015-08-10,,,1.0,0,0,1,1
2015-08-11,,,1.0,0,0,1,2
2015-08-12,,,1.0,0,0,0,3
2015-08-13,,,1.0,0,0,0,4
2015-08-14,,,1.0,0,0,0,5
2015-08-15,,,1.0,0,0,0,6
2015-08-16,,,0.0,0,0,0,7
2015-08-17,,,1.0,1,0,0,1
2015-08-18,,,1.0,1,0,0,2
2015-08-19,,,1.0,1,0,0,3
2015-08-20,,,1.0,1,0,0,4
2015-08-21,,,1.0,1,0,0,5
2015-08-22,,,1.0,0,0,0,6
2015-08-23,,,0.0,0,0,0,7
2015-08-24,,,1.0,0,0,0,1
2015-08-25,,,1.0,0,0,0,2
2015-08-26,,,1.0,0,0,0,3
2015-08-27,,,1.0,0,0,0,4
2015-08-28,,,1.0,0,0,0,5
2015-08-29,,,1.0,0,0,0,6
2015-08-30,,,0.0,0,0,0,7
2015-08-31,,,1.0,1,0,0,1
2015-09-01,,,1.0,1,0,0,2
2015-09-02,,,1.0,1,0,0,3
2015-09-03,,,1.0,1,0,0,4
2015-09-04,,,1.0,1,0,0,5
2015-09-05,,,1.0,0,0,0,6
2015-09-06,,,0.0,0,0,0,7
2015-09-07,,,1.0,0,0,0,1
2015-09-08,,,1.0,0,0,0,2
2015-09-09,,,1.0,0,0,0,3
2015-09-10,,,1.0,0,0,0,4
2015-09-11,,,1.0,0,0,0,5
2015-09-12,,,1.0,0,0,0,6
2015-09-13,,,0.0,0,0,0,7
2015-09-14,,,1.0,1,0,0,1
2015-09-15,,,1.0,1,0,0,2
2015-09-16,,,1.0,1,0,0,3
2015-09-17,,,1.0,1,0,0,4
